{"version":3,"hash":{"type":"Buffer","data":"3u+0wCjvHmWBCXgEVurTRjcXMJjtSz1396dso3H7TF4rZyQs3jrifE7ExMkd5RipPWUitA0tqz9NV/2PyBu0gF7muxdeCnevcgeTSE7sb5FSoEf1LYRAz48270KYZ+O9IYaeUCWcB/lzAdEVSgYb3vyeO75eLB3Dqx488VRyIak="},"indexValueMap":{"eS4rlYqUT0Fxg3Vw15V6BCMgvnSpCx/IwSBlXbjKaIw=":{"valueMac":{"type":"Buffer","data":"9SP3yHfERDqEEOJEahHYFAPaSpgtwaOGvpSQhP4Q4gE="}},"EnTLt5yuKd34zEVfER5nY22lei0MWsTwcy7gBrkpElc=":{"valueMac":{"type":"Buffer","data":"NRTephjn+grst+Ah5+JZ6kZBf+8HKcog49/dOyIO7I8="}}}}