{"version":3,"hash":{"type":"Buffer","data":"sjIYfWcNBQKTlZu+F0oNxWyAlX1iJ5f8Ri7JBJMCie+2Lh1duQNe/RgqiMd2TfVaG6PzCKTaTCbMJF3B/XxzdXLzPM/t04GEP+HtUHqCW57CI7KKRSdtuMclJ0B1ZXqZVIEePIBISUEPgmUt32MqG3Z4JIgsg79PtFE0rbrI/+w="},"indexValueMap":{"OVz/30gH25EDgHpKVyasWV5Tj4y+Tg1fmfOEVvl5qd0=":{"valueMac":{"type":"Buffer","data":"j6ie+Q0zlZhO5NA529SIEx/bsrsioVaklUPeU0SzIMo="}},"c+4/lD0Y05y4fT98OUd5YEztaHj+lyPgS0lODXy8g8Q=":{"valueMac":{"type":"Buffer","data":"3G4wowhPJjKy5BfP5+AMvtgczLcBDtuyMG1y4m3g9Bk="}}}}