{"version":3,"hash":{"type":"Buffer","data":"/QrzUAlcdGiK1ekv0J9z8LGiBiXvNZzb6g+KKO+fisA62mUSbGFMcGniGrSYaY+bAMroDfMGiL6Og/jV9d4oVQnXSMGRw6Y0MYbiIVXpkkxuPEXMJR5Pszb1YvAFx2Ak9OzXHMkJp7xLBLRmwvlK7YXphw1U72Ui78U/MfIj67o="},"indexValueMap":{"0T72djTew1h3bYH0csSDyPO19rAMecxylAjBDHZVfnM=":{"valueMac":{"type":"Buffer","data":"KVMKgPazoPfJV/n4zlahPCCMr9/tsXcdQlDEgoBTeIc="}},"8qT3Oc1jQH4dezqNPBE6H6qNa6pNmyUD8z8+6EEzQ+U=":{"valueMac":{"type":"Buffer","data":"yci7YC5SNq6uWKc5DT1n1OmSGq/30/Xu2/8u/5ybGH0="}},"3V2jZ/1JYNY7gRIVhPxNNcK47uiFpYm24787vr9xNio=":{"valueMac":{"type":"Buffer","data":"5n+LsVYhfPxpQzci4HqHJA9EUJvFSGIhjX5DzoDUebg="}},"gxtJX9sZPfTcIEfjQptQr7r+7w2j8WwcWYl9TNC1nO8=":{"valueMac":{"type":"Buffer","data":"ws5C4IIuZVA7fY0Z0ejI8SVlqTRK7a4hEN+pfi7M5nE="}},"hXxI4yC6R9XC6K8ItR0iLkYKDLx2JJvsqoyIzQXgE+o=":{"valueMac":{"type":"Buffer","data":"nWcYwF65a8rKt4b3h5TlgoZcBjaYLn3T8ASEZDOnDso="}}}}