{"noiseKey":{"private":{"type":"Buffer","data":"gHYA/t23/prKfqFZ9eFhR5vqQ0dRV7VBxYCeHGn8kmw="},"public":{"type":"Buffer","data":"FLCurkK9/FvzB+bAbnfEFkKvDTp1nVPz+uJpuBm9/B0="}},"signedIdentityKey":{"private":{"type":"Buffer","data":"QMX6wW1InO+xVNtDR4aRn0icJjtc2YGvjPEuRErLQ3Q="},"public":{"type":"Buffer","data":"jPIv1gM4LGZ15jDI5Ol1vmkwGtCECWG1ypIkROnnBQw="}},"signedPreKey":{"keyPair":{"private":{"type":"Buffer","data":"QE1tqtywOEpxvScWvrQTIFPptIUgSE6JNIc2ynouUFc="},"public":{"type":"Buffer","data":"ck//rhocZD6D9+UJ+kv56jdcRv0lavqoanKwmjUSjio="}},"signature":{"type":"Buffer","data":"ydXUESwxApKc7QYQuCAhPk9eS4QBxHPE5b9ErsP9dKlpebRGUCHE1FXqE6rolGrWNwYB2bbEKNlTcRGrhPC3jQ=="},"keyId":1},"registrationId":29,"advSecretKey":"jTgR8mC80iwZ4CfYKVj1e5WrsQEFoxjPP41YC3Ybzvo=","processedHistoryMessages":[{"key":{"remoteJid":"6283891584782@s.whatsapp.net","fromMe":true,"id":"FD0B3CA93F3AFFC38EEFE182432F35ED"},"messageTimestamp":1687721896},{"key":{"remoteJid":"6283891584782@s.whatsapp.net","fromMe":true,"id":"90102F95EE14D012918750EC888E51AF"},"messageTimestamp":1687721896},{"key":{"remoteJid":"6283891584782@s.whatsapp.net","fromMe":true,"id":"6C613B3217FF262636481DC420CF2305"},"messageTimestamp":1687721903},{"key":{"remoteJid":"6283891584782@s.whatsapp.net","fromMe":true,"id":"187F263EEF13931E750A37F8C5680BD2"},"messageTimestamp":1687721903}],"nextPreKeyId":31,"firstUnuploadedPreKeyId":31,"accountSyncCounter":1,"accountSettings":{"unarchiveChats":false},"account":{"details":"CIvq+OIGEKKv4qQGGAE=","accountSignatureKey":"TTgCAwfq9zaDkLfwffLSqlWLvzQpaAH/FCPyw3xBo0U=","accountSignature":"e6SZvIMfed6jBBGXSMSLZxPMcXqJJCO6VdwtPeMolHcR20x1TwH0Dar04vK5AhuK1LKIsJ9oGdI+mKhQutI5Bg==","deviceSignature":"w4Xiyc0iyWgR3aH4Y/TTiWcuAohxcIc5odgCkkHbVc8zllj9yZUUlet7UPMA4j3nF665mkyQT3atNUxCGfZHig=="},"me":{"id":"6283891584782:13@s.whatsapp.net","name":"Babu Host"},"signalIdentities":[{"identifier":{"name":"6283891584782:13@s.whatsapp.net","deviceId":0},"identifierKey":{"type":"Buffer","data":"BU04AgMH6vc2g5C38H3y0qpVi780KWgB/xQj8sN8QaNF"}}],"platform":"android","lastAccountSyncTimestamp":1687722043,"myAppStateKeyId":"AAAAAJWL"}