{"_sessions":{"BYKvJBs7HorvRRNZLDgt7doWzP0IuvJ7BPFq5AGuGd9a":{"registrationId":567779620,"currentRatchet":{"ephemeralKeyPair":{"pubKey":"BYy2xWg1gT7Oh8/9plpeObzXos/7XKaexmieJxSEJp4f","privKey":"EO1Fnd2qOY9y7l833+whJCysR9d/9weU/pQc81z/jFs="},"lastRemoteEphemeralKey":"BT9nwC5YkCv7+cggCAZIt6V8kr134eurHwv98j+LN5oO","previousCounter":0,"rootKey":"wX3/Okp2SNFyF69wpdaVz6oLy6Mqqa/GNTJuoxZtZ2o="},"indexInfo":{"baseKey":"BYKvJBs7HorvRRNZLDgt7doWzP0IuvJ7BPFq5AGuGd9a","baseKeyType":1,"closed":-1,"used":1687761280208,"created":1687761280208,"remoteIdentityKey":"BVMWtURJ1jM2tFKDKI+NBKpct4CIktj77l54kpPAjx07"},"_chains":{"BYy2xWg1gT7Oh8/9plpeObzXos/7XKaexmieJxSEJp4f":{"chainKey":{"counter":0,"key":"SkXwccxzLtMLgWkngK/dwbE5+uGjQgRTvuV+GFm/cts="},"chainType":1,"messageKeys":{}}},"pendingPreKey":{"signedKeyId":1,"baseKey":"BYKvJBs7HorvRRNZLDgt7doWzP0IuvJ7BPFq5AGuGd9a","preKeyId":9170221}}},"version":"v1"}