{"_sessions":{"BR00c6JWf3WmQJfdYBHCqcG8M+wdLF6P+qFRW2CEZnpM":{"registrationId":1911799181,"currentRatchet":{"ephemeralKeyPair":{"pubKey":"BZ3BJ+DgvJRq+/gv98PvW2E19nv1eqhiNgWSNwCyRM1D","privKey":"mF94+++MuFWF+gAfyNMA2utIc45kKM5jiXHVath6N38="},"lastRemoteEphemeralKey":"BZbjlVBynrala0d9AqpImKxnmvqNiuoBxl42AFxRr49l","previousCounter":0,"rootKey":"7ksAhMLKWI1bS7xCY7ZOrZVot45gXbfndHNOQ2v/Wxc="},"indexInfo":{"baseKey":"BR00c6JWf3WmQJfdYBHCqcG8M+wdLF6P+qFRW2CEZnpM","baseKeyType":1,"closed":-1,"used":1687761280209,"created":1687761280209,"remoteIdentityKey":"Ba6mNVh9lhynZNtM5PBuvbRM7P5j0awbOQ+L/b5vlLto"},"_chains":{"BZ3BJ+DgvJRq+/gv98PvW2E19nv1eqhiNgWSNwCyRM1D":{"chainKey":{"counter":0,"key":"O0kayJnroMY/PTxARv4vnPzBKFKTqevyW4UBdNBATrY="},"chainType":1,"messageKeys":{}}},"pendingPreKey":{"signedKeyId":20,"baseKey":"BR00c6JWf3WmQJfdYBHCqcG8M+wdLF6P+qFRW2CEZnpM","preKeyId":10352472}}},"version":"v1"}