{"_sessions":{"BXsdr3IaG0iHcQE2d+4UNSLxglb0S3D4G0Q71/GvPfYo":{"registrationId":856434560,"currentRatchet":{"ephemeralKeyPair":{"pubKey":"BfEqfcREeaf/xLRup6GypyvLt8F53NNzrzO98cXOnJlY","privKey":"MBqjEkRyp55QwQfqNDBBo6yvd3TIyrOmJf0ezZUrE04="},"lastRemoteEphemeralKey":"BSB4/s+ci8hVtvmaqk3Iz0frrCNwrqAFL4E7Y7Kuw/E8","previousCounter":0,"rootKey":"eaCKURgyyYyF+rQ7fvuNlGrcH3/uds23YiN5rGyh0dI="},"indexInfo":{"baseKey":"BXsdr3IaG0iHcQE2d+4UNSLxglb0S3D4G0Q71/GvPfYo","baseKeyType":1,"closed":-1,"used":1687761280210,"created":1687761280210,"remoteIdentityKey":"BR4IUv1UFVqqNj8243oUQNVeJJWl2tMnQS5M9E7weahN"},"_chains":{"BfEqfcREeaf/xLRup6GypyvLt8F53NNzrzO98cXOnJlY":{"chainKey":{"counter":0,"key":"Dv7A7s4QwgBcivank9ZJ8XcU8se+R5WDmzRuTSQulpI="},"chainType":1,"messageKeys":{}}},"pendingPreKey":{"signedKeyId":5,"baseKey":"BXsdr3IaG0iHcQE2d+4UNSLxglb0S3D4G0Q71/GvPfYo","preKeyId":2427021}}},"version":"v1"}