{"_sessions":{"BWMXWJ6gAhLhG0Es0X46ttLFumXWvkqU84SFZar274Yn":{"registrationId":957673230,"currentRatchet":{"ephemeralKeyPair":{"pubKey":"Bc8f0ejzefYeKE+K+GynXtsCEQgmDxMEX/hxCyGpsvEF","privKey":"8JqNJyVl7+NAEn0FY48WVZsM8K2HnxKS1R9WJC7jamg="},"lastRemoteEphemeralKey":"Bcn+JFNZxK+jkDn8FHx4QClRlc3ct8Hkc/c6hhNoNOMm","previousCounter":0,"rootKey":"G+wnZghxKylmZqLpoi3WLeKN2EyY5/BxKqKSzGh1oxc="},"indexInfo":{"baseKey":"BWMXWJ6gAhLhG0Es0X46ttLFumXWvkqU84SFZar274Yn","baseKeyType":1,"closed":-1,"used":1687761280212,"created":1687761280212,"remoteIdentityKey":"Bamy2f8WVlUt9FJHZ1qy18ECSUMRrrptBIGc9+7m7GhB"},"_chains":{"Bc8f0ejzefYeKE+K+GynXtsCEQgmDxMEX/hxCyGpsvEF":{"chainKey":{"counter":0,"key":"73SubkzxnwP/VVoH2p6KUH036WU/qGC/awWKVbeOP0Q="},"chainType":1,"messageKeys":{}}},"pendingPreKey":{"signedKeyId":35,"baseKey":"BWMXWJ6gAhLhG0Es0X46ttLFumXWvkqU84SFZar274Yn","preKeyId":12977576}}},"version":"v1"}