{"_sessions":{"BfVKLT+DNLfsBbE5jQden6sWm72cXTy9KKPMA03bmioo":{"registrationId":1820650401,"currentRatchet":{"ephemeralKeyPair":{"pubKey":"BSuRv5FuwXPC0+UBeCdtUr2vSoyg1eJeILHhx57YpABh","privKey":"ADzEsGGgbjs1wQM2ZkqgjmHtqpKObGRDDQhBEA/hvlc="},"lastRemoteEphemeralKey":"BTVB4tZYYsj9/Q1FIDiID5gdyRfYwmwwg0KqPXTrK3Qq","previousCounter":0,"rootKey":"loVF/UMnuEfn7tR1SIjMqWJAVHIoB1Ng3r2oxkJw8e8="},"indexInfo":{"baseKey":"BfVKLT+DNLfsBbE5jQden6sWm72cXTy9KKPMA03bmioo","baseKeyType":1,"closed":-1,"used":1687763296120,"created":1687761280286,"remoteIdentityKey":"BSbgKR5665kupV7ACKtdC1I+4tUBXkQEteNvhkxw2DAb"},"_chains":{"BTVB4tZYYsj9/Q1FIDiID5gdyRfYwmwwg0KqPXTrK3Qq":{"chainKey":{"counter":0,"key":"VWElNNATnj+NtW1FS2FSPtVLC1mrZ1IRGuQPWYrMBPM="},"chainType":2,"messageKeys":{}},"BSuRv5FuwXPC0+UBeCdtUr2vSoyg1eJeILHhx57YpABh":{"chainKey":{"counter":-1,"key":"iv63A6ZRMjBhJBU2HuqqbRw/fxnPdVAqmBNmttHj/uE="},"chainType":1,"messageKeys":{}}}}},"version":"v1"}