{"_sessions":{"BaE1UF2bWWdLUabhggcwbccpWwjiNiPu52ad+au1B8JX":{"registrationId":624320318,"currentRatchet":{"ephemeralKeyPair":{"pubKey":"Bbcl5GWFyoL0bJX8nDlm6JpDi36EjMKzUI2l1Pz587hy","privKey":"SCjipH5ZFAvVjnJ44Q/X/yz3Lfxi9GFOMhlZntDi8Vc="},"lastRemoteEphemeralKey":"BbYx8M9VM9eT/Dl3gpH8n8ItMPIV87k4FpRAUh0G/W8E","previousCounter":0,"rootKey":"z4o38lP83C06IUJUwvKWt/eqUYAm2k2qTNaB6R3Q8po="},"indexInfo":{"baseKey":"BaE1UF2bWWdLUabhggcwbccpWwjiNiPu52ad+au1B8JX","baseKeyType":1,"closed":-1,"used":1687761280283,"created":1687761280283,"remoteIdentityKey":"Bb1KaGETAXfn4PPtrh9DHss5fgOFX7PKzHPrNftFDT4Z"},"_chains":{"Bbcl5GWFyoL0bJX8nDlm6JpDi36EjMKzUI2l1Pz587hy":{"chainKey":{"counter":0,"key":"b0YRiyI8qcA0HQO+togTQxUtYXZLSlQwPe3u7Cpu/rs="},"chainType":1,"messageKeys":{}}},"pendingPreKey":{"signedKeyId":7,"baseKey":"BaE1UF2bWWdLUabhggcwbccpWwjiNiPu52ad+au1B8JX","preKeyId":12674254}}},"version":"v1"}