{"_sessions":{"BR7GP4VdgSwGgE7MEwPGrJn7xspuKjnVLamp1E+bNkoa":{"registrationId":1596791937,"currentRatchet":{"ephemeralKeyPair":{"pubKey":"BSk1OL8CmbQSfIij3us9xtbsU1EHsLb6+eqDDYECnIJv","privKey":"4BIAIKUWlI9k+o9HVvnzuVx7nkoNnfdkfQ9GaksfHHY="},"lastRemoteEphemeralKey":"BUwzR0pDLWs6/ylYnvnF98K4h5BI/hvwtLAJUTPXkJJM","previousCounter":1,"rootKey":"Hg1LDn+Clt/DxVPJRFZ0eSBLVngQJuZlisXm1U4Fp5I="},"indexInfo":{"baseKey":"BR7GP4VdgSwGgE7MEwPGrJn7xspuKjnVLamp1E+bNkoa","baseKeyType":2,"closed":-1,"used":1687722398406,"created":1687721895544,"remoteIdentityKey":"BU04AgMH6vc2g5C38H3y0qpVi780KWgB/xQj8sN8QaNF"},"_chains":{"BVvqCBNjHUaK2l/QEFCrcH9dmYkTWoR47LDHe+LnzNom":{"chainKey":{"counter":7},"chainType":2,"messageKeys":{}},"BTACgwMckC55+75QWwZt26Lw1IKOiZBRZMtJMz4br3V8":{"chainKey":{"counter":0},"chainType":2,"messageKeys":{}},"BQAYtadXsEbZ2ufuoaBXL/5oWaqRtJKPbp9lvryH2/Nm":{"chainKey":{"counter":0},"chainType":2,"messageKeys":{}},"BaADAvniKT5TmL04yEysdpLNWN+cbWGNpWJTY50SFPoH":{"chainKey":{"counter":0},"chainType":2,"messageKeys":{}},"BUwzR0pDLWs6/ylYnvnF98K4h5BI/hvwtLAJUTPXkJJM":{"chainKey":{"counter":1,"key":"1mVMAhTZnlKf4m6RKuLao82reR05YszhbIO2fIqKznQ="},"chainType":2,"messageKeys":{}},"BSk1OL8CmbQSfIij3us9xtbsU1EHsLb6+eqDDYECnIJv":{"chainKey":{"counter":1,"key":"CrX9/1M8Poi91G/yGmZZdt/1fWc7VHnG8/zST+vWrZg="},"chainType":1,"messageKeys":{}}}}},"version":"v1"}