{"_sessions":{"BS18HZaz0v6vSo/DbF4jCvvrrhG4F9oVInNl57t8+q1Q":{"registrationId":2009814062,"currentRatchet":{"ephemeralKeyPair":{"pubKey":"BUt8G9WJT5cdkyWrpKLOXvNWOOixwyNifa3cC9HN9kNr","privKey":"OA0U+bj9LJmPWKl68O0SvD/cbfAt85/P//suWjvpw2c="},"lastRemoteEphemeralKey":"BaZrf9oPAwS6GGGy3qZ/ElBg16I5lqgwpz7pe8qQ0fd0","previousCounter":0,"rootKey":"ZFGijBTUFNIZjPWmxrv6h2pqO/iiwq4geL8sin1zVig="},"indexInfo":{"baseKey":"BS18HZaz0v6vSo/DbF4jCvvrrhG4F9oVInNl57t8+q1Q","baseKeyType":1,"closed":-1,"used":1687761280285,"created":1687761280285,"remoteIdentityKey":"BUIeyGKww69R5itMXNogrbWXgU353VZK/1wab3R9sR47"},"_chains":{"BUt8G9WJT5cdkyWrpKLOXvNWOOixwyNifa3cC9HN9kNr":{"chainKey":{"counter":0,"key":"2SmwxS9Pj1leB67rsYO00zWWU/n6auTPoFUBWJxd+/Y="},"chainType":1,"messageKeys":{}}},"pendingPreKey":{"signedKeyId":42,"baseKey":"BS18HZaz0v6vSo/DbF4jCvvrrhG4F9oVInNl57t8+q1Q","preKeyId":8757935}}},"version":"v1"}