{"_sessions":{"BcSX2YCf7kUvZztfuNXvf7IVnSyOf5nuCpF+ovlHu11R":{"registrationId":1477502250,"currentRatchet":{"ephemeralKeyPair":{"pubKey":"BYT6k8U8A61aMHiBmWNPDiplGxWsj5quWw9ahtwiLV1Y","privKey":"aHSbSY0bYvEzLZug4DIw6hr2GaxZF8p0N5xagRw4EX4="},"lastRemoteEphemeralKey":"BSm+7YemPAZQSvL+pf6Dl9jFsiRbvRHzviixQynMxONh","previousCounter":0,"rootKey":"5dTvd4HuZLnZZmfOzIMH73FNPEaBbPbf+9xbsBWgOgU="},"indexInfo":{"baseKey":"BcSX2YCf7kUvZztfuNXvf7IVnSyOf5nuCpF+ovlHu11R","baseKeyType":1,"closed":-1,"used":1687763426239,"created":1687761280282,"remoteIdentityKey":"Bcbvthi0VpY60f50Ulbu/7ukqQyMI6ZrYR+LrbzLDXUy"},"_chains":{"BSm+7YemPAZQSvL+pf6Dl9jFsiRbvRHzviixQynMxONh":{"chainKey":{"counter":0,"key":"IGbQGe71L0elfmdHdjuHkbK181xj+J4pTU0rqmUcBz0="},"chainType":2,"messageKeys":{}},"BYT6k8U8A61aMHiBmWNPDiplGxWsj5quWw9ahtwiLV1Y":{"chainKey":{"counter":-1,"key":"YvU/ROdosoWXskTfBcjs+gI15Z6yj37DsVLQrwuJyAI="},"chainType":1,"messageKeys":{}}}}},"version":"v1"}