{"_sessions":{"Bbsmo9FyPIIGjj20rwjbQBWJxF/hQOOybkmsRu86ehUO":{"registrationId":865122145,"currentRatchet":{"ephemeralKeyPair":{"pubKey":"Bda/tvq/FSlH7ndAi9zcQ5eWXM3P5e6bd1GpgiEHNVlW","privKey":"kGoZD+loKpM4Ek/axcsdPm75rC/YvOAHyjV3sjb72V8="},"lastRemoteEphemeralKey":"BTHIq60PCaCJLOWv3RxHricfBMeUeACAbLmRmYr40agn","previousCounter":0,"rootKey":"xMJUhroW01SjKGjcyhxUM7pkCrlkj90yEJG9Z63Ypn0="},"indexInfo":{"baseKey":"Bbsmo9FyPIIGjj20rwjbQBWJxF/hQOOybkmsRu86ehUO","baseKeyType":1,"closed":-1,"used":1687761280284,"created":1687761280284,"remoteIdentityKey":"BRFaUk0Okl0CHZzphrWm+tnsGPkcvbaLqORNxfeLsHYk"},"_chains":{"Bda/tvq/FSlH7ndAi9zcQ5eWXM3P5e6bd1GpgiEHNVlW":{"chainKey":{"counter":0,"key":"GgV80WBkPrcihX7RWb1jmgS5EvS+RsBxlOm0x/7P6Ng="},"chainType":1,"messageKeys":{}}},"pendingPreKey":{"signedKeyId":23,"baseKey":"Bbsmo9FyPIIGjj20rwjbQBWJxF/hQOOybkmsRu86ehUO","preKeyId":9027559}}},"version":"v1"}