{"_sessions":{"BTbsv0UxqaEjiudfU3AelxtSomdyKgr6/VKoRSWvK2Vu":{"registrationId":787771673,"currentRatchet":{"ephemeralKeyPair":{"pubKey":"BTkftSd5M7wQLxsfcUk095xHqFFBshcPcl/6p9fQ4NZ+","privKey":"wPUglR+N0AS9Rul+ACpMfBVN2T7FIe27qs3QEqq4qlg="},"lastRemoteEphemeralKey":"BfRQW2XYTS5bNwIq8hxYVSmUpfKXUDv4v7ZojUCzBMpm","previousCounter":0,"rootKey":"CVwsntNSe+NhnYsfHOTMr8a6B0aS/Y7G3dUNDD20QGQ="},"indexInfo":{"baseKey":"BTbsv0UxqaEjiudfU3AelxtSomdyKgr6/VKoRSWvK2Vu","baseKeyType":2,"closed":-1,"used":1687765253558,"created":1687721909761,"remoteIdentityKey":"BdLCynY0tA9NmZdwt0Gkap1NeDnDQjsDvEYrv05DnYhp"},"_chains":{"BRgF7hRSALBCsCl4KDRQ6li7xaY4Y4PSGCdM0aPowDIr":{"chainKey":{"counter":0},"chainType":2,"messageKeys":{}},"BZCnliDKVG4VPEmQ8/gXiiJBdqNLlX9QCN+KmCcEq0UJ":{"chainKey":{"counter":2},"chainType":2,"messageKeys":{"0":"wTcVPJcZg9qgAPKHH96B3YQQuElW0pEC0Yzj9kYLOGk="}},"BSYwLltJ8ajQ541uXbp/is/o99Nv6lKJ5N8xuo6Rav4Y":{"chainKey":{"counter":0},"chainType":2,"messageKeys":{}},"BfRQW2XYTS5bNwIq8hxYVSmUpfKXUDv4v7ZojUCzBMpm":{"chainKey":{"counter":0,"key":"kvDdd33q0i5fP0tp5mFvMyxi8R5MLFaUrp3ffP6s3gM="},"chainType":2,"messageKeys":{}},"BTkftSd5M7wQLxsfcUk095xHqFFBshcPcl/6p9fQ4NZ+":{"chainKey":{"counter":-1,"key":"eg6yYC6prWUoE+vias1LRKxpINJBQlLC4I7tsV72hvc="},"chainType":1,"messageKeys":{}}}}},"version":"v1"}