{"_sessions":{"BQQLwYaDmHJby4460wU6apbnoqB3dmmXDTISTBLw1goi":{"registrationId":1297515419,"currentRatchet":{"ephemeralKeyPair":{"pubKey":"BcQ2kTinsK/ayxn3jE8CA/vFREMMEBUTbKass3aPeTMH","privKey":"4KX/JJbG7H0f2t6f+XRECHaXufuVbUWraVDjUcNvZ30="},"lastRemoteEphemeralKey":"BbwQBfAYefU0Ka9PAIkudnUAToxfykqq5PG2ba4R319W","previousCounter":0,"rootKey":"a8dml7+lTPDVZJcaLRaLrsVFRaAv+sFsfK4vRNRbLY8="},"indexInfo":{"baseKey":"BQQLwYaDmHJby4460wU6apbnoqB3dmmXDTISTBLw1goi","baseKeyType":1,"closed":-1,"used":1687763616250,"created":1687761280214,"remoteIdentityKey":"Bc3Hoams41l+B3AHxWgdczSxQ8iaYXr6PDQWVBt7EUpX"},"_chains":{"BbwQBfAYefU0Ka9PAIkudnUAToxfykqq5PG2ba4R319W":{"chainKey":{"counter":0,"key":"YCU9WE2ovIk4BTKljRmYB394dIF2Qz4kOxM0YjgUUQQ="},"chainType":2,"messageKeys":{}},"BcQ2kTinsK/ayxn3jE8CA/vFREMMEBUTbKass3aPeTMH":{"chainKey":{"counter":-1,"key":"IXM1zbj95WkQHitXsjnpQEDuPoaS31Nn0sFl7x7SSRI="},"chainType":1,"messageKeys":{}}}}},"version":"v1"}