{"_sessions":{"BQZNKTwpe/2sFcmRN9znP1q/zxWk0Krfg4RB0vATwwoh":{"registrationId":1056665386,"currentRatchet":{"ephemeralKeyPair":{"pubKey":"BbnBn5YzjFlxO4F7gF9t86cnMNXIjpGRVuli8wAQQh0i","privKey":"mM4hL/GkPB5jIRaYb7g1TFwiYbMt7gyw1svgGOIz5UQ="},"lastRemoteEphemeralKey":"Bd9lypHnOzJ6FZenUjn5930c+VR8oJyWW0fZ96i7MSMJ","previousCounter":0,"rootKey":"UladapsoLmrkx7tuVz3MSfHoFg6jtbQYbjHEIVtSpA4="},"indexInfo":{"baseKey":"BQZNKTwpe/2sFcmRN9znP1q/zxWk0Krfg4RB0vATwwoh","baseKeyType":1,"closed":-1,"used":1687768556100,"created":1687761280281,"remoteIdentityKey":"BalhxvbIyDSOF2WNPtd49l6cAWOP8VnQp/hokYrKzYUW"},"_chains":{"Bd9lypHnOzJ6FZenUjn5930c+VR8oJyWW0fZ96i7MSMJ":{"chainKey":{"counter":0,"key":"DFxFaOqxTrDXJ9W0rgT+dH+Qu4z8bW5IH/jdXC7Xj5c="},"chainType":2,"messageKeys":{}},"BbnBn5YzjFlxO4F7gF9t86cnMNXIjpGRVuli8wAQQh0i":{"chainKey":{"counter":-1,"key":"HKjj9hwm+wysZpS4nS+crlWketaP8MK+uG9E324yaf0="},"chainType":1,"messageKeys":{}}}}},"version":"v1"}