{"_sessions":{"BcdzxJacdbAlb4YBTRnaykxk7MrdJWo5oFo0mnib4941":{"registrationId":1703672660,"currentRatchet":{"ephemeralKeyPair":{"pubKey":"BWuZ9b0pp+I7H64wGuh75yndbdGunRencN0NZTKRnFQF","privKey":"GKmaQz5vWiAmzU521Qgb01dui1JvgQ5CMGquz3odsFc="},"lastRemoteEphemeralKey":"Ba3ppvSqzp0IrG0u3P9LFCIof7ctsTfV2msupcFiT7dR","previousCounter":0,"rootKey":"vdLvXn5MCXbFquSywAS/QGQKuvUEsu+HtF+3L1nnCL0="},"indexInfo":{"baseKey":"BcdzxJacdbAlb4YBTRnaykxk7MrdJWo5oFo0mnib4941","baseKeyType":1,"closed":-1,"used":1687761280211,"created":1687761280211,"remoteIdentityKey":"BVBcBPZuL0XtErX49AyEOmQOkuRPBglLJXTIuwmM2gYA"},"_chains":{"BWuZ9b0pp+I7H64wGuh75yndbdGunRencN0NZTKRnFQF":{"chainKey":{"counter":0,"key":"dZMKlFgYbKPXW1GCziZloLR/Ndis0enwJ4fJ+NccpnM="},"chainType":1,"messageKeys":{}}},"pendingPreKey":{"signedKeyId":17,"baseKey":"BcdzxJacdbAlb4YBTRnaykxk7MrdJWo5oFo0mnib4941","preKeyId":1242456}}},"version":"v1"}